{
  "name": "01_base_trpo_s1",
  "algo": "trpo",
  "curriculum": "designed",
  "sampling": "recent",
  "reward": {
    "knock": 0.5,
    "gin": 0.5,
    "win_scale": 1.0,
    "loss_scale": 1.0,
    "step_penalty": 0.0
  },
  "hp": {
    "lr": 0.0003,
    "ent_coef": 0.01,
    "clip_range": 0.2,
    "target_kl": 0.01,
    "gamma": 0.99,
    "gae_lambda": 0.95,
    "n_steps": 256
  },
  "steps": 12000000,
  "seed": 1,
  "train_seconds": 22469.457149744034,
  "model_path": "/scratch1/kelidari/advcoev_store/sweep_curriculum/01_base_trpo_s1/final.zip",
  "pool_size": 21,
  "curve": [
    {
      "step": 3000000,
      "stage": 2,
      "random": {
        "win": 0.9933333333333333,
        "gin": 0.013333333333333334,
        "loss": 0.006666666666666667
      },
      "champion": {
        "win": 0.38666666666666666,
        "gin": 0.0,
        "loss": 0.6133333333333333
      },
      "gold": {
        "win": 0.24,
        "gin": 0.0,
        "loss": 0.76
      }
    },
    {
      "step": 6000000,
      "stage": 3,
      "random": {
        "win": 0.9733333333333334,
        "gin": 0.006666666666666667,
        "loss": 0.02666666666666667
      },
      "champion": {
        "win": 0.41333333333333333,
        "gin": 0.006666666666666667,
        "loss": 0.5866666666666667
      },
      "gold": {
        "win": 0.26,
        "gin": 0.0,
        "loss": 0.74
      }
    },
    {
      "step": 9000000,
      "stage": 4,
      "random": {
        "win": 0.9933333333333333,
        "gin": 0.006666666666666667,
        "loss": 0.006666666666666667
      },
      "champion": {
        "win": 0.42,
        "gin": 0.0,
        "loss": 0.58
      },
      "gold": {
        "win": 0.3,
        "gin": 0.0,
        "loss": 0.7
      }
    },
    {
      "step": 12000000,
      "stage": 4,
      "random": {
        "win": 0.96,
        "gin": 0.013333333333333334,
        "loss": 0.04
      },
      "champion": {
        "win": 0.4666666666666667,
        "gin": 0.0,
        "loss": 0.5333333333333333
      },
      "gold": {
        "win": 0.26666666666666666,
        "gin": 0.0,
        "loss": 0.7333333333333333
      }
    }
  ],
  "best_vs_gold": 0.3,
  "best_vs_champion": 0.4666666666666667,
  "vs_random": {
    "win_rate": 0.9825,
    "gin_rate": 0.0075,
    "loss_rate": 0.0175,
    "mean_len": 46.80875,
    "n": 800
  },
  "vs_champion": {
    "win_rate": 0.45375,
    "gin_rate": 0.00125,
    "loss_rate": 0.54625,
    "mean_len": 51.08375,
    "n": 800
  },
  "vs_gold": {
    "win_rate": 0.28125,
    "gin_rate": 0.0025,
    "loss_rate": 0.71875,
    "mean_len": 33.88,
    "n": 800
  }
}