{
  "name": "01_base_trpo_s0",
  "algo": "trpo",
  "curriculum": "designed",
  "sampling": "recent",
  "reward": {
    "knock": 0.5,
    "gin": 0.5,
    "win_scale": 1.0,
    "loss_scale": 1.0,
    "step_penalty": 0.0
  },
  "hp": {
    "lr": 0.0003,
    "ent_coef": 0.01,
    "clip_range": 0.2,
    "target_kl": 0.01,
    "gamma": 0.99,
    "gae_lambda": 0.95,
    "n_steps": 256
  },
  "steps": 12000000,
  "seed": 0,
  "train_seconds": 18634.733414649963,
  "model_path": "/scratch1/kelidari/advcoev_store/sweep_curriculum/01_base_trpo_s0/final.zip",
  "pool_size": 21,
  "curve": [
    {
      "step": 3000000,
      "stage": 2,
      "random": {
        "win": 0.9933333333333333,
        "gin": 0.02666666666666667,
        "loss": 0.006666666666666667
      },
      "champion": {
        "win": 0.36,
        "gin": 0.006666666666666667,
        "loss": 0.64
      },
      "gold": {
        "win": 0.21333333333333335,
        "gin": 0.006666666666666667,
        "loss": 0.7866666666666666
      }
    },
    {
      "step": 6000000,
      "stage": 3,
      "random": {
        "win": 1.0,
        "gin": 0.0,
        "loss": 0.0
      },
      "champion": {
        "win": 0.38666666666666666,
        "gin": 0.006666666666666667,
        "loss": 0.6133333333333333
      },
      "gold": {
        "win": 0.26666666666666666,
        "gin": 0.006666666666666667,
        "loss": 0.7333333333333333
      }
    },
    {
      "step": 9000000,
      "stage": 4,
      "random": {
        "win": 0.9866666666666667,
        "gin": 0.013333333333333334,
        "loss": 0.013333333333333334
      },
      "champion": {
        "win": 0.42,
        "gin": 0.0,
        "loss": 0.58
      },
      "gold": {
        "win": 0.34,
        "gin": 0.006666666666666667,
        "loss": 0.66
      }
    },
    {
      "step": 12000000,
      "stage": 4,
      "random": {
        "win": 0.9933333333333333,
        "gin": 0.013333333333333334,
        "loss": 0.006666666666666667
      },
      "champion": {
        "win": 0.49333333333333335,
        "gin": 0.0,
        "loss": 0.5066666666666667
      },
      "gold": {
        "win": 0.3,
        "gin": 0.006666666666666667,
        "loss": 0.7
      }
    }
  ],
  "best_vs_gold": 0.34,
  "best_vs_champion": 0.49875,
  "vs_random": {
    "win_rate": 0.985,
    "gin_rate": 0.0175,
    "loss_rate": 0.015,
    "mean_len": 45.70375,
    "n": 800
  },
  "vs_champion": {
    "win_rate": 0.49875,
    "gin_rate": 0.0,
    "loss_rate": 0.50125,
    "mean_len": 46.32875,
    "n": 800
  },
  "vs_gold": {
    "win_rate": 0.31625,
    "gin_rate": 0.00625,
    "loss_rate": 0.68375,
    "mean_len": 32.95,
    "n": 800
  }
}