{
  "name": "02_base_ppo_s0",
  "algo": "ppo",
  "curriculum": "designed",
  "sampling": "recent",
  "reward": {
    "knock": 0.5,
    "gin": 0.5,
    "win_scale": 1.0,
    "loss_scale": 1.0,
    "step_penalty": 0.0
  },
  "hp": {
    "lr": 0.0003,
    "ent_coef": 0.01,
    "clip_range": 0.2,
    "target_kl": 0.01,
    "gamma": 0.99,
    "gae_lambda": 0.95,
    "n_steps": 256
  },
  "steps": 12000000,
  "seed": 0,
  "train_seconds": 7933.100897550583,
  "model_path": "/scratch1/kelidari/advcoev_store/sweep_curriculum/02_base_ppo_s0/final.zip",
  "pool_size": 21,
  "curve": [
    {
      "step": 3000000,
      "stage": 2,
      "random": {
        "win": 0.9866666666666667,
        "gin": 0.02666666666666667,
        "loss": 0.013333333333333334
      },
      "champion": {
        "win": 0.42,
        "gin": 0.0,
        "loss": 0.58
      },
      "gold": {
        "win": 0.3,
        "gin": 0.013333333333333334,
        "loss": 0.7
      }
    },
    {
      "step": 6000000,
      "stage": 3,
      "random": {
        "win": 0.9933333333333333,
        "gin": 0.03333333333333333,
        "loss": 0.006666666666666667
      },
      "champion": {
        "win": 0.44,
        "gin": 0.0,
        "loss": 0.56
      },
      "gold": {
        "win": 0.32666666666666666,
        "gin": 0.006666666666666667,
        "loss": 0.6733333333333333
      }
    },
    {
      "step": 9000000,
      "stage": 4,
      "random": {
        "win": 1.0,
        "gin": 0.006666666666666667,
        "loss": 0.0
      },
      "champion": {
        "win": 0.4533333333333333,
        "gin": 0.0,
        "loss": 0.5466666666666666
      },
      "gold": {
        "win": 0.38,
        "gin": 0.02,
        "loss": 0.62
      }
    },
    {
      "step": 12000000,
      "stage": 4,
      "random": {
        "win": 1.0,
        "gin": 0.013333333333333334,
        "loss": 0.0
      },
      "champion": {
        "win": 0.47333333333333333,
        "gin": 0.0,
        "loss": 0.5266666666666666
      },
      "gold": {
        "win": 0.32,
        "gin": 0.02,
        "loss": 0.68
      }
    }
  ],
  "best_vs_gold": 0.38,
  "best_vs_champion": 0.52375,
  "vs_random": {
    "win_rate": 0.99375,
    "gin_rate": 0.01625,
    "loss_rate": 0.00625,
    "mean_len": 45.3575,
    "n": 800
  },
  "vs_champion": {
    "win_rate": 0.52375,
    "gin_rate": 0.0025,
    "loss_rate": 0.47625,
    "mean_len": 44.9675,
    "n": 800
  },
  "vs_gold": {
    "win_rate": 0.3175,
    "gin_rate": 0.00875,
    "loss_rate": 0.6825,
    "mean_len": 32.5525,
    "n": 800
  }
}