{
  "name": "02_base_ppo_s1",
  "algo": "ppo",
  "curriculum": "designed",
  "sampling": "recent",
  "reward": {
    "knock": 0.5,
    "gin": 0.5,
    "win_scale": 1.0,
    "loss_scale": 1.0,
    "step_penalty": 0.0
  },
  "hp": {
    "lr": 0.0003,
    "ent_coef": 0.01,
    "clip_range": 0.2,
    "target_kl": 0.01,
    "gamma": 0.99,
    "gae_lambda": 0.95,
    "n_steps": 256
  },
  "steps": 12000000,
  "seed": 1,
  "train_seconds": 5830.1458060741425,
  "model_path": "/scratch1/kelidari/advcoev_store/sweep_curriculum/02_base_ppo_s1/final.zip",
  "pool_size": 21,
  "curve": [
    {
      "step": 3000000,
      "stage": 2,
      "random": {
        "win": 1.0,
        "gin": 0.006666666666666667,
        "loss": 0.0
      },
      "champion": {
        "win": 0.37333333333333335,
        "gin": 0.0,
        "loss": 0.6266666666666667
      },
      "gold": {
        "win": 0.21333333333333335,
        "gin": 0.006666666666666667,
        "loss": 0.7866666666666666
      }
    },
    {
      "step": 6000000,
      "stage": 3,
      "random": {
        "win": 0.9933333333333333,
        "gin": 0.006666666666666667,
        "loss": 0.006666666666666667
      },
      "champion": {
        "win": 0.3933333333333333,
        "gin": 0.0,
        "loss": 0.6066666666666667
      },
      "gold": {
        "win": 0.26666666666666666,
        "gin": 0.006666666666666667,
        "loss": 0.7333333333333333
      }
    },
    {
      "step": 9000000,
      "stage": 4,
      "random": {
        "win": 1.0,
        "gin": 0.02,
        "loss": 0.0
      },
      "champion": {
        "win": 0.43333333333333335,
        "gin": 0.006666666666666667,
        "loss": 0.5666666666666667
      },
      "gold": {
        "win": 0.30666666666666664,
        "gin": 0.006666666666666667,
        "loss": 0.6933333333333334
      }
    },
    {
      "step": 12000000,
      "stage": 4,
      "random": {
        "win": 0.9933333333333333,
        "gin": 0.013333333333333334,
        "loss": 0.006666666666666667
      },
      "champion": {
        "win": 0.44666666666666666,
        "gin": 0.0,
        "loss": 0.5533333333333333
      },
      "gold": {
        "win": 0.31333333333333335,
        "gin": 0.006666666666666667,
        "loss": 0.6866666666666666
      }
    }
  ],
  "best_vs_gold": 0.31333333333333335,
  "best_vs_champion": 0.46375,
  "vs_random": {
    "win_rate": 0.99375,
    "gin_rate": 0.02125,
    "loss_rate": 0.00625,
    "mean_len": 44.2575,
    "n": 800
  },
  "vs_champion": {
    "win_rate": 0.46375,
    "gin_rate": 0.00125,
    "loss_rate": 0.53625,
    "mean_len": 51.3075,
    "n": 800
  },
  "vs_gold": {
    "win_rate": 0.31,
    "gin_rate": 0.00375,
    "loss_rate": 0.69,
    "mean_len": 32.7325,
    "n": 800
  }
}