{
  "name": "03_rew_R0_highgin_s0",
  "algo": "trpo",
  "curriculum": "designed",
  "sampling": "recent",
  "reward": {
    "knock": 0.5,
    "gin": 1.5,
    "win_scale": 1.0,
    "loss_scale": 1.0,
    "step_penalty": 0.0
  },
  "hp": {
    "lr": 0.0003,
    "ent_coef": 0.01,
    "clip_range": 0.2,
    "target_kl": 0.01,
    "gamma": 0.99,
    "gae_lambda": 0.95,
    "n_steps": 256
  },
  "steps": 12000000,
  "seed": 0,
  "train_seconds": 13047.752876520157,
  "model_path": "/scratch1/kelidari/advcoev_store/sweep_curriculum/03_rew_R0_highgin_s0/final.zip",
  "pool_size": 21,
  "curve": [
    {
      "step": 3000000,
      "stage": 2,
      "random": {
        "win": 0.9933333333333333,
        "gin": 0.03333333333333333,
        "loss": 0.006666666666666667
      },
      "champion": {
        "win": 0.38666666666666666,
        "gin": 0.006666666666666667,
        "loss": 0.6133333333333333
      },
      "gold": {
        "win": 0.25333333333333335,
        "gin": 0.013333333333333334,
        "loss": 0.7466666666666667
      }
    },
    {
      "step": 6000000,
      "stage": 3,
      "random": {
        "win": 0.9866666666666667,
        "gin": 0.04,
        "loss": 0.013333333333333334
      },
      "champion": {
        "win": 0.38666666666666666,
        "gin": 0.0,
        "loss": 0.6133333333333333
      },
      "gold": {
        "win": 0.24666666666666667,
        "gin": 0.006666666666666667,
        "loss": 0.7533333333333333
      }
    },
    {
      "step": 9000000,
      "stage": 4,
      "random": {
        "win": 0.9733333333333334,
        "gin": 0.013333333333333334,
        "loss": 0.02666666666666667
      },
      "champion": {
        "win": 0.42,
        "gin": 0.0,
        "loss": 0.58
      },
      "gold": {
        "win": 0.28,
        "gin": 0.02,
        "loss": 0.72
      }
    },
    {
      "step": 12000000,
      "stage": 4,
      "random": {
        "win": 0.9933333333333333,
        "gin": 0.013333333333333334,
        "loss": 0.006666666666666667
      },
      "champion": {
        "win": 0.44,
        "gin": 0.0,
        "loss": 0.56
      },
      "gold": {
        "win": 0.37333333333333335,
        "gin": 0.013333333333333334,
        "loss": 0.6266666666666667
      }
    }
  ],
  "best_vs_gold": 0.37333333333333335,
  "best_vs_champion": 0.44,
  "vs_random": {
    "win_rate": 0.99,
    "gin_rate": 0.0125,
    "loss_rate": 0.01,
    "mean_len": 45.955,
    "n": 800
  },
  "vs_champion": {
    "win_rate": 0.4275,
    "gin_rate": 0.0,
    "loss_rate": 0.5725,
    "mean_len": 51.93,
    "n": 800
  },
  "vs_gold": {
    "win_rate": 0.33,
    "gin_rate": 0.005,
    "loss_rate": 0.67,
    "mean_len": 33.4575,
    "n": 800
  }
}