{
  "name": "03_rew_R0_highgin_s1",
  "algo": "trpo",
  "curriculum": "designed",
  "sampling": "recent",
  "reward": {
    "knock": 0.5,
    "gin": 1.5,
    "win_scale": 1.0,
    "loss_scale": 1.0,
    "step_penalty": 0.0
  },
  "hp": {
    "lr": 0.0003,
    "ent_coef": 0.01,
    "clip_range": 0.2,
    "target_kl": 0.01,
    "gamma": 0.99,
    "gae_lambda": 0.95,
    "n_steps": 256
  },
  "steps": 12000000,
  "seed": 1,
  "train_seconds": 13015.503866672516,
  "model_path": "/scratch1/kelidari/advcoev_store/sweep_curriculum/03_rew_R0_highgin_s1/final.zip",
  "pool_size": 21,
  "curve": [
    {
      "step": 3000000,
      "stage": 2,
      "random": {
        "win": 0.9866666666666667,
        "gin": 0.02,
        "loss": 0.013333333333333334
      },
      "champion": {
        "win": 0.3933333333333333,
        "gin": 0.0,
        "loss": 0.6066666666666667
      },
      "gold": {
        "win": 0.21333333333333335,
        "gin": 0.006666666666666667,
        "loss": 0.7866666666666666
      }
    },
    {
      "step": 6000000,
      "stage": 3,
      "random": {
        "win": 0.9933333333333333,
        "gin": 0.013333333333333334,
        "loss": 0.006666666666666667
      },
      "champion": {
        "win": 0.4,
        "gin": 0.006666666666666667,
        "loss": 0.6
      },
      "gold": {
        "win": 0.22666666666666666,
        "gin": 0.02,
        "loss": 0.7733333333333333
      }
    },
    {
      "step": 9000000,
      "stage": 4,
      "random": {
        "win": 0.9866666666666667,
        "gin": 0.006666666666666667,
        "loss": 0.013333333333333334
      },
      "champion": {
        "win": 0.4266666666666667,
        "gin": 0.006666666666666667,
        "loss": 0.5733333333333334
      },
      "gold": {
        "win": 0.36,
        "gin": 0.006666666666666667,
        "loss": 0.64
      }
    },
    {
      "step": 12000000,
      "stage": 4,
      "random": {
        "win": 0.9866666666666667,
        "gin": 0.02,
        "loss": 0.013333333333333334
      },
      "champion": {
        "win": 0.37333333333333335,
        "gin": 0.013333333333333334,
        "loss": 0.6266666666666667
      },
      "gold": {
        "win": 0.32666666666666666,
        "gin": 0.0,
        "loss": 0.6733333333333333
      }
    }
  ],
  "best_vs_gold": 0.36,
  "best_vs_champion": 0.45125,
  "vs_random": {
    "win_rate": 0.98875,
    "gin_rate": 0.0125,
    "loss_rate": 0.01125,
    "mean_len": 46.88125,
    "n": 800
  },
  "vs_champion": {
    "win_rate": 0.45125,
    "gin_rate": 0.00375,
    "loss_rate": 0.54875,
    "mean_len": 52.36875,
    "n": 800
  },
  "vs_gold": {
    "win_rate": 0.29875,
    "gin_rate": 0.0025,
    "loss_rate": 0.70125,
    "mean_len": 33.755,
    "n": 800
  }
}