{
  "name": "04_rew_R2_knockfwd_s1",
  "algo": "trpo",
  "curriculum": "designed",
  "sampling": "recent",
  "reward": {
    "knock": 0.75,
    "gin": 0.75,
    "win_scale": 1.0,
    "loss_scale": 1.0,
    "step_penalty": 0.0
  },
  "hp": {
    "lr": 0.0003,
    "ent_coef": 0.01,
    "clip_range": 0.2,
    "target_kl": 0.01,
    "gamma": 0.99,
    "gae_lambda": 0.95,
    "n_steps": 256
  },
  "steps": 12000000,
  "seed": 1,
  "train_seconds": 22241.897258996964,
  "model_path": "/scratch1/kelidari/advcoev_store/sweep_curriculum/04_rew_R2_knockfwd_s1/final.zip",
  "pool_size": 21,
  "curve": [
    {
      "step": 3000000,
      "stage": 2,
      "random": {
        "win": 1.0,
        "gin": 0.006666666666666667,
        "loss": 0.0
      },
      "champion": {
        "win": 0.38,
        "gin": 0.006666666666666667,
        "loss": 0.62
      },
      "gold": {
        "win": 0.31333333333333335,
        "gin": 0.02,
        "loss": 0.6866666666666666
      }
    },
    {
      "step": 6000000,
      "stage": 3,
      "random": {
        "win": 0.9666666666666667,
        "gin": 0.013333333333333334,
        "loss": 0.03333333333333333
      },
      "champion": {
        "win": 0.4,
        "gin": 0.006666666666666667,
        "loss": 0.6
      },
      "gold": {
        "win": 0.24666666666666667,
        "gin": 0.013333333333333334,
        "loss": 0.7533333333333333
      }
    },
    {
      "step": 9000000,
      "stage": 4,
      "random": {
        "win": 0.9933333333333333,
        "gin": 0.013333333333333334,
        "loss": 0.006666666666666667
      },
      "champion": {
        "win": 0.43333333333333335,
        "gin": 0.006666666666666667,
        "loss": 0.5666666666666667
      },
      "gold": {
        "win": 0.26666666666666666,
        "gin": 0.006666666666666667,
        "loss": 0.7333333333333333
      }
    },
    {
      "step": 12000000,
      "stage": 4,
      "random": {
        "win": 0.9733333333333334,
        "gin": 0.013333333333333334,
        "loss": 0.02666666666666667
      },
      "champion": {
        "win": 0.46,
        "gin": 0.0,
        "loss": 0.54
      },
      "gold": {
        "win": 0.2866666666666667,
        "gin": 0.006666666666666667,
        "loss": 0.7133333333333334
      }
    }
  ],
  "best_vs_gold": 0.31333333333333335,
  "best_vs_champion": 0.46,
  "vs_random": {
    "win_rate": 0.98875,
    "gin_rate": 0.015,
    "loss_rate": 0.01125,
    "mean_len": 45.92875,
    "n": 800
  },
  "vs_champion": {
    "win_rate": 0.4475,
    "gin_rate": 0.0025,
    "loss_rate": 0.5525,
    "mean_len": 53.1425,
    "n": 800
  },
  "vs_gold": {
    "win_rate": 0.28875,
    "gin_rate": 0.00625,
    "loss_rate": 0.71125,
    "mean_len": 33.785,
    "n": 800
  }
}