{
  "name": "04_rew_R2_knockfwd_s0",
  "algo": "trpo",
  "curriculum": "designed",
  "sampling": "recent",
  "reward": {
    "knock": 0.75,
    "gin": 0.75,
    "win_scale": 1.0,
    "loss_scale": 1.0,
    "step_penalty": 0.0
  },
  "hp": {
    "lr": 0.0003,
    "ent_coef": 0.01,
    "clip_range": 0.2,
    "target_kl": 0.01,
    "gamma": 0.99,
    "gae_lambda": 0.95,
    "n_steps": 256
  },
  "steps": 12000000,
  "seed": 0,
  "train_seconds": 22542.14517712593,
  "model_path": "/scratch1/kelidari/advcoev_store/sweep_curriculum/04_rew_R2_knockfwd_s0/final.zip",
  "pool_size": 21,
  "curve": [
    {
      "step": 3000000,
      "stage": 2,
      "random": {
        "win": 1.0,
        "gin": 0.02,
        "loss": 0.0
      },
      "champion": {
        "win": 0.42,
        "gin": 0.0,
        "loss": 0.58
      },
      "gold": {
        "win": 0.2733333333333333,
        "gin": 0.0,
        "loss": 0.7266666666666667
      }
    },
    {
      "step": 6000000,
      "stage": 3,
      "random": {
        "win": 0.9733333333333334,
        "gin": 0.0,
        "loss": 0.02666666666666667
      },
      "champion": {
        "win": 0.3933333333333333,
        "gin": 0.0,
        "loss": 0.6066666666666667
      },
      "gold": {
        "win": 0.25333333333333335,
        "gin": 0.0,
        "loss": 0.7466666666666667
      }
    },
    {
      "step": 9000000,
      "stage": 4,
      "random": {
        "win": 0.9933333333333333,
        "gin": 0.006666666666666667,
        "loss": 0.006666666666666667
      },
      "champion": {
        "win": 0.38666666666666666,
        "gin": 0.0,
        "loss": 0.6133333333333333
      },
      "gold": {
        "win": 0.2733333333333333,
        "gin": 0.006666666666666667,
        "loss": 0.7266666666666667
      }
    },
    {
      "step": 12000000,
      "stage": 4,
      "random": {
        "win": 0.9866666666666667,
        "gin": 0.0,
        "loss": 0.013333333333333334
      },
      "champion": {
        "win": 0.4533333333333333,
        "gin": 0.0,
        "loss": 0.5466666666666666
      },
      "gold": {
        "win": 0.34,
        "gin": 0.0,
        "loss": 0.66
      }
    }
  ],
  "best_vs_gold": 0.34,
  "best_vs_champion": 0.4725,
  "vs_random": {
    "win_rate": 0.98625,
    "gin_rate": 0.015,
    "loss_rate": 0.01375,
    "mean_len": 46.26125,
    "n": 800
  },
  "vs_champion": {
    "win_rate": 0.4725,
    "gin_rate": 0.00125,
    "loss_rate": 0.5275,
    "mean_len": 51.36125,
    "n": 800
  },
  "vs_gold": {
    "win_rate": 0.32375,
    "gin_rate": 0.00125,
    "loss_rate": 0.67625,
    "mean_len": 33.35,
    "n": 800
  }
}