{
  "name": "05_rew_R4_earlyknk_s0",
  "algo": "trpo",
  "curriculum": "designed",
  "sampling": "recent",
  "reward": {
    "knock": 0.5,
    "gin": 0.5,
    "win_scale": 1.0,
    "loss_scale": 1.0,
    "step_penalty": 0.0075
  },
  "hp": {
    "lr": 0.0003,
    "ent_coef": 0.01,
    "clip_range": 0.2,
    "target_kl": 0.01,
    "gamma": 0.99,
    "gae_lambda": 0.95,
    "n_steps": 256
  },
  "steps": 12000000,
  "seed": 0,
  "train_seconds": 22427.320919513702,
  "model_path": "/scratch1/kelidari/advcoev_store/sweep_curriculum/05_rew_R4_earlyknk_s0/final.zip",
  "pool_size": 21,
  "curve": [
    {
      "step": 3000000,
      "stage": 2,
      "random": {
        "win": 0.9933333333333333,
        "gin": 0.006666666666666667,
        "loss": 0.006666666666666667
      },
      "champion": {
        "win": 0.42,
        "gin": 0.006666666666666667,
        "loss": 0.58
      },
      "gold": {
        "win": 0.3,
        "gin": 0.006666666666666667,
        "loss": 0.7
      }
    },
    {
      "step": 6000000,
      "stage": 3,
      "random": {
        "win": 0.9933333333333333,
        "gin": 0.02,
        "loss": 0.006666666666666667
      },
      "champion": {
        "win": 0.42,
        "gin": 0.0,
        "loss": 0.58
      },
      "gold": {
        "win": 0.22,
        "gin": 0.006666666666666667,
        "loss": 0.78
      }
    },
    {
      "step": 9000000,
      "stage": 4,
      "random": {
        "win": 0.98,
        "gin": 0.006666666666666667,
        "loss": 0.02
      },
      "champion": {
        "win": 0.47333333333333333,
        "gin": 0.0,
        "loss": 0.5266666666666666
      },
      "gold": {
        "win": 0.28,
        "gin": 0.006666666666666667,
        "loss": 0.72
      }
    },
    {
      "step": 12000000,
      "stage": 4,
      "random": {
        "win": 0.9933333333333333,
        "gin": 0.02,
        "loss": 0.006666666666666667
      },
      "champion": {
        "win": 0.5066666666666667,
        "gin": 0.013333333333333334,
        "loss": 0.49333333333333335
      },
      "gold": {
        "win": 0.31333333333333335,
        "gin": 0.0,
        "loss": 0.6866666666666666
      }
    }
  ],
  "best_vs_gold": 0.31333333333333335,
  "best_vs_champion": 0.52625,
  "vs_random": {
    "win_rate": 0.99,
    "gin_rate": 0.01125,
    "loss_rate": 0.01,
    "mean_len": 44.86375,
    "n": 800
  },
  "vs_champion": {
    "win_rate": 0.52625,
    "gin_rate": 0.00625,
    "loss_rate": 0.47375,
    "mean_len": 44.765,
    "n": 800
  },
  "vs_gold": {
    "win_rate": 0.3125,
    "gin_rate": 0.00375,
    "loss_rate": 0.6875,
    "mean_len": 32.8475,
    "n": 800
  }
}