{
  "name": "05_rew_R4_earlyknk_s1",
  "algo": "trpo",
  "curriculum": "designed",
  "sampling": "recent",
  "reward": {
    "knock": 0.5,
    "gin": 0.5,
    "win_scale": 1.0,
    "loss_scale": 1.0,
    "step_penalty": 0.0075
  },
  "hp": {
    "lr": 0.0003,
    "ent_coef": 0.01,
    "clip_range": 0.2,
    "target_kl": 0.01,
    "gamma": 0.99,
    "gae_lambda": 0.95,
    "n_steps": 256
  },
  "steps": 12000000,
  "seed": 1,
  "train_seconds": 18289.26292824745,
  "model_path": "/scratch1/kelidari/advcoev_store/sweep_curriculum/05_rew_R4_earlyknk_s1/final.zip",
  "pool_size": 21,
  "curve": [
    {
      "step": 3000000,
      "stage": 2,
      "random": {
        "win": 1.0,
        "gin": 0.013333333333333334,
        "loss": 0.0
      },
      "champion": {
        "win": 0.3933333333333333,
        "gin": 0.0,
        "loss": 0.6066666666666667
      },
      "gold": {
        "win": 0.3466666666666667,
        "gin": 0.006666666666666667,
        "loss": 0.6533333333333333
      }
    },
    {
      "step": 6000000,
      "stage": 3,
      "random": {
        "win": 0.98,
        "gin": 0.006666666666666667,
        "loss": 0.02
      },
      "champion": {
        "win": 0.42,
        "gin": 0.0,
        "loss": 0.58
      },
      "gold": {
        "win": 0.2866666666666667,
        "gin": 0.006666666666666667,
        "loss": 0.7133333333333334
      }
    },
    {
      "step": 9000000,
      "stage": 4,
      "random": {
        "win": 0.9866666666666667,
        "gin": 0.02,
        "loss": 0.013333333333333334
      },
      "champion": {
        "win": 0.4066666666666667,
        "gin": 0.0,
        "loss": 0.5933333333333334
      },
      "gold": {
        "win": 0.31333333333333335,
        "gin": 0.013333333333333334,
        "loss": 0.6866666666666666
      }
    },
    {
      "step": 12000000,
      "stage": 4,
      "random": {
        "win": 0.9933333333333333,
        "gin": 0.006666666666666667,
        "loss": 0.006666666666666667
      },
      "champion": {
        "win": 0.52,
        "gin": 0.0,
        "loss": 0.48
      },
      "gold": {
        "win": 0.35333333333333333,
        "gin": 0.013333333333333334,
        "loss": 0.6466666666666666
      }
    }
  ],
  "best_vs_gold": 0.35333333333333333,
  "best_vs_champion": 0.52,
  "vs_random": {
    "win_rate": 0.9875,
    "gin_rate": 0.01125,
    "loss_rate": 0.0125,
    "mean_len": 44.68125,
    "n": 800
  },
  "vs_champion": {
    "win_rate": 0.49375,
    "gin_rate": 0.0,
    "loss_rate": 0.50625,
    "mean_len": 45.81125,
    "n": 800
  },
  "vs_gold": {
    "win_rate": 0.3275,
    "gin_rate": 0.0025,
    "loss_rate": 0.6725,
    "mean_len": 32.7875,
    "n": 800
  }
}