{
  "name": "05_rew_R4_earlyknk_s2",
  "algo": "trpo",
  "curriculum": "designed",
  "sampling": "recent",
  "reward": {
    "knock": 0.5,
    "gin": 0.5,
    "win_scale": 1.0,
    "loss_scale": 1.0,
    "step_penalty": 0.0075
  },
  "hp": {
    "lr": 0.0003,
    "ent_coef": 0.01,
    "clip_range": 0.2,
    "target_kl": 0.01,
    "gamma": 0.99,
    "gae_lambda": 0.95,
    "n_steps": 256
  },
  "steps": 12000000,
  "seed": 2,
  "train_seconds": 18773.304986715317,
  "model_path": "/scratch1/kelidari/advcoev_store/sweep_curriculum/05_rew_R4_earlyknk_s2/final.zip",
  "pool_size": 21,
  "curve": [
    {
      "step": 3000000,
      "stage": 2,
      "random": {
        "win": 1.0,
        "gin": 0.02666666666666667,
        "loss": 0.0
      },
      "champion": {
        "win": 0.41333333333333333,
        "gin": 0.0,
        "loss": 0.5866666666666667
      },
      "gold": {
        "win": 0.24,
        "gin": 0.0,
        "loss": 0.76
      }
    },
    {
      "step": 6000000,
      "stage": 3,
      "random": {
        "win": 0.9866666666666667,
        "gin": 0.006666666666666667,
        "loss": 0.013333333333333334
      },
      "champion": {
        "win": 0.42,
        "gin": 0.006666666666666667,
        "loss": 0.58
      },
      "gold": {
        "win": 0.24666666666666667,
        "gin": 0.006666666666666667,
        "loss": 0.7533333333333333
      }
    },
    {
      "step": 9000000,
      "stage": 4,
      "random": {
        "win": 0.9866666666666667,
        "gin": 0.02666666666666667,
        "loss": 0.013333333333333334
      },
      "champion": {
        "win": 0.5,
        "gin": 0.0,
        "loss": 0.5
      },
      "gold": {
        "win": 0.32666666666666666,
        "gin": 0.006666666666666667,
        "loss": 0.6733333333333333
      }
    },
    {
      "step": 12000000,
      "stage": 4,
      "random": {
        "win": 1.0,
        "gin": 0.02,
        "loss": 0.0
      },
      "champion": {
        "win": 0.5133333333333333,
        "gin": 0.0,
        "loss": 0.4866666666666667
      },
      "gold": {
        "win": 0.30666666666666664,
        "gin": 0.0,
        "loss": 0.6933333333333334
      }
    }
  ],
  "best_vs_gold": 0.32666666666666666,
  "best_vs_champion": 0.5133333333333333,
  "vs_random": {
    "win_rate": 0.9875,
    "gin_rate": 0.01375,
    "loss_rate": 0.0125,
    "mean_len": 44.245,
    "n": 800
  },
  "vs_champion": {
    "win_rate": 0.4975,
    "gin_rate": 0.00125,
    "loss_rate": 0.5025,
    "mean_len": 44.16875,
    "n": 800
  },
  "vs_gold": {
    "win_rate": 0.3075,
    "gin_rate": 0.00125,
    "loss_rate": 0.6925,
    "mean_len": 32.6025,
    "n": 800
  }
}