{
  "name": "06_cur_noRandTail_s2",
  "algo": "trpo",
  "curriculum": "no_random_tail",
  "sampling": "recent",
  "reward": {
    "knock": 0.5,
    "gin": 0.5,
    "win_scale": 1.0,
    "loss_scale": 1.0,
    "step_penalty": 0.0
  },
  "hp": {
    "lr": 0.0003,
    "ent_coef": 0.01,
    "clip_range": 0.2,
    "target_kl": 0.01,
    "gamma": 0.99,
    "gae_lambda": 0.95,
    "n_steps": 256
  },
  "steps": 12000000,
  "seed": 2,
  "train_seconds": 13878.184604644775,
  "model_path": "/scratch1/kelidari/advcoev_store/sweep_curriculum/06_cur_noRandTail_s2/final.zip",
  "pool_size": 21,
  "curve": [
    {
      "step": 3000000,
      "stage": 2,
      "random": {
        "win": 0.9933333333333333,
        "gin": 0.006666666666666667,
        "loss": 0.006666666666666667
      },
      "champion": {
        "win": 0.44,
        "gin": 0.0,
        "loss": 0.56
      },
      "gold": {
        "win": 0.2733333333333333,
        "gin": 0.006666666666666667,
        "loss": 0.7266666666666667
      }
    },
    {
      "step": 6000000,
      "stage": 3,
      "random": {
        "win": 0.98,
        "gin": 0.013333333333333334,
        "loss": 0.02
      },
      "champion": {
        "win": 0.44,
        "gin": 0.0,
        "loss": 0.56
      },
      "gold": {
        "win": 0.2866666666666667,
        "gin": 0.006666666666666667,
        "loss": 0.7133333333333334
      }
    },
    {
      "step": 9000000,
      "stage": 3,
      "random": {
        "win": 0.9533333333333334,
        "gin": 0.006666666666666667,
        "loss": 0.04666666666666667
      },
      "champion": {
        "win": 0.46,
        "gin": 0.0,
        "loss": 0.54
      },
      "gold": {
        "win": 0.2733333333333333,
        "gin": 0.0,
        "loss": 0.7266666666666667
      }
    },
    {
      "step": 12000000,
      "stage": 3,
      "random": {
        "win": 0.9733333333333334,
        "gin": 0.0,
        "loss": 0.02666666666666667
      },
      "champion": {
        "win": 0.48,
        "gin": 0.006666666666666667,
        "loss": 0.52
      },
      "gold": {
        "win": 0.30666666666666664,
        "gin": 0.006666666666666667,
        "loss": 0.6933333333333334
      }
    }
  ],
  "best_vs_gold": 0.3275,
  "best_vs_champion": 0.48,
  "vs_random": {
    "win_rate": 0.9875,
    "gin_rate": 0.01,
    "loss_rate": 0.0125,
    "mean_len": 46.2425,
    "n": 800
  },
  "vs_champion": {
    "win_rate": 0.46,
    "gin_rate": 0.00125,
    "loss_rate": 0.54,
    "mean_len": 50.6075,
    "n": 800
  },
  "vs_gold": {
    "win_rate": 0.3275,
    "gin_rate": 0.005,
    "loss_rate": 0.6725,
    "mean_len": 33.89125,
    "n": 800
  }
}