{
  "name": "06_cur_noRandTail_s0",
  "algo": "trpo",
  "curriculum": "no_random_tail",
  "sampling": "recent",
  "reward": {
    "knock": 0.5,
    "gin": 0.5,
    "win_scale": 1.0,
    "loss_scale": 1.0,
    "step_penalty": 0.0
  },
  "hp": {
    "lr": 0.0003,
    "ent_coef": 0.01,
    "clip_range": 0.2,
    "target_kl": 0.01,
    "gamma": 0.99,
    "gae_lambda": 0.95,
    "n_steps": 256
  },
  "steps": 12000000,
  "seed": 0,
  "train_seconds": 13555.634236574173,
  "model_path": "/scratch1/kelidari/advcoev_store/sweep_curriculum/06_cur_noRandTail_s0/final.zip",
  "pool_size": 21,
  "curve": [
    {
      "step": 3000000,
      "stage": 2,
      "random": {
        "win": 1.0,
        "gin": 0.02666666666666667,
        "loss": 0.0
      },
      "champion": {
        "win": 0.37333333333333335,
        "gin": 0.0,
        "loss": 0.6266666666666667
      },
      "gold": {
        "win": 0.26,
        "gin": 0.006666666666666667,
        "loss": 0.74
      }
    },
    {
      "step": 6000000,
      "stage": 3,
      "random": {
        "win": 0.9866666666666667,
        "gin": 0.02,
        "loss": 0.013333333333333334
      },
      "champion": {
        "win": 0.3933333333333333,
        "gin": 0.0,
        "loss": 0.6066666666666667
      },
      "gold": {
        "win": 0.2733333333333333,
        "gin": 0.02,
        "loss": 0.7266666666666667
      }
    },
    {
      "step": 9000000,
      "stage": 3,
      "random": {
        "win": 0.98,
        "gin": 0.0,
        "loss": 0.02
      },
      "champion": {
        "win": 0.47333333333333333,
        "gin": 0.0,
        "loss": 0.5266666666666666
      },
      "gold": {
        "win": 0.32666666666666666,
        "gin": 0.006666666666666667,
        "loss": 0.6733333333333333
      }
    },
    {
      "step": 12000000,
      "stage": 3,
      "random": {
        "win": 0.9666666666666667,
        "gin": 0.006666666666666667,
        "loss": 0.03333333333333333
      },
      "champion": {
        "win": 0.4866666666666667,
        "gin": 0.0,
        "loss": 0.5133333333333333
      },
      "gold": {
        "win": 0.37333333333333335,
        "gin": 0.013333333333333334,
        "loss": 0.6266666666666667
      }
    }
  ],
  "best_vs_gold": 0.37333333333333335,
  "best_vs_champion": 0.4866666666666667,
  "vs_random": {
    "win_rate": 0.98125,
    "gin_rate": 0.015,
    "loss_rate": 0.01875,
    "mean_len": 47.28625,
    "n": 800
  },
  "vs_champion": {
    "win_rate": 0.45,
    "gin_rate": 0.00375,
    "loss_rate": 0.55,
    "mean_len": 51.5825,
    "n": 800
  },
  "vs_gold": {
    "win_rate": 0.31375,
    "gin_rate": 0.00375,
    "loss_rate": 0.68625,
    "mean_len": 33.325,
    "n": 800
  }
}