{
  "name": "07_cur_pfsp_s2",
  "algo": "trpo",
  "curriculum": "designed",
  "sampling": "pfsp",
  "reward": {
    "knock": 0.5,
    "gin": 0.5,
    "win_scale": 1.0,
    "loss_scale": 1.0,
    "step_penalty": 0.0
  },
  "hp": {
    "lr": 0.0003,
    "ent_coef": 0.01,
    "clip_range": 0.2,
    "target_kl": 0.01,
    "gamma": 0.99,
    "gae_lambda": 0.95,
    "n_steps": 256
  },
  "steps": 12000000,
  "seed": 2,
  "train_seconds": 22886.491096019745,
  "model_path": "/scratch1/kelidari/advcoev_store/sweep_curriculum/07_cur_pfsp_s2/final.zip",
  "pool_size": 21,
  "curve": [
    {
      "step": 3000000,
      "stage": 2,
      "random": {
        "win": 1.0,
        "gin": 0.013333333333333334,
        "loss": 0.0
      },
      "champion": {
        "win": 0.44,
        "gin": 0.013333333333333334,
        "loss": 0.56
      },
      "gold": {
        "win": 0.26,
        "gin": 0.006666666666666667,
        "loss": 0.74
      }
    },
    {
      "step": 6000000,
      "stage": 3,
      "random": {
        "win": 1.0,
        "gin": 0.013333333333333334,
        "loss": 0.0
      },
      "champion": {
        "win": 0.46,
        "gin": 0.006666666666666667,
        "loss": 0.54
      },
      "gold": {
        "win": 0.29333333333333333,
        "gin": 0.006666666666666667,
        "loss": 0.7066666666666667
      }
    },
    {
      "step": 9000000,
      "stage": 4,
      "random": {
        "win": 0.9933333333333333,
        "gin": 0.006666666666666667,
        "loss": 0.006666666666666667
      },
      "champion": {
        "win": 0.48,
        "gin": 0.013333333333333334,
        "loss": 0.52
      },
      "gold": {
        "win": 0.2733333333333333,
        "gin": 0.006666666666666667,
        "loss": 0.7266666666666667
      }
    },
    {
      "step": 12000000,
      "stage": 4,
      "random": {
        "win": 0.9866666666666667,
        "gin": 0.006666666666666667,
        "loss": 0.013333333333333334
      },
      "champion": {
        "win": 0.4666666666666667,
        "gin": 0.006666666666666667,
        "loss": 0.5333333333333333
      },
      "gold": {
        "win": 0.32,
        "gin": 0.006666666666666667,
        "loss": 0.68
      }
    }
  ],
  "best_vs_gold": 0.32,
  "best_vs_champion": 0.48,
  "vs_random": {
    "win_rate": 0.9825,
    "gin_rate": 0.005,
    "loss_rate": 0.0175,
    "mean_len": 46.88625,
    "n": 800
  },
  "vs_champion": {
    "win_rate": 0.44625,
    "gin_rate": 0.0025,
    "loss_rate": 0.55375,
    "mean_len": 52.12875,
    "n": 800
  },
  "vs_gold": {
    "win_rate": 0.28375,
    "gin_rate": 0.005,
    "loss_rate": 0.71625,
    "mean_len": 34.6325,
    "n": 800
  }
}