{
  "name": "08_trpo_gamma_high_s0",
  "algo": "trpo",
  "curriculum": "designed",
  "sampling": "recent",
  "reward": {
    "knock": 0.5,
    "gin": 0.5,
    "win_scale": 1.0,
    "loss_scale": 1.0,
    "step_penalty": 0.0
  },
  "hp": {
    "lr": 0.0003,
    "ent_coef": 0.01,
    "clip_range": 0.2,
    "target_kl": 0.01,
    "gamma": 0.997,
    "gae_lambda": 0.95,
    "n_steps": 256
  },
  "steps": 12000000,
  "seed": 0,
  "train_seconds": 18164.16588640213,
  "model_path": "/scratch1/kelidari/advcoev_store/sweep_curriculum/08_trpo_gamma_high_s0/final.zip",
  "pool_size": 21,
  "curve": [
    {
      "step": 3000000,
      "stage": 2,
      "random": {
        "win": 0.9933333333333333,
        "gin": 0.006666666666666667,
        "loss": 0.006666666666666667
      },
      "champion": {
        "win": 0.46,
        "gin": 0.02,
        "loss": 0.54
      },
      "gold": {
        "win": 0.2866666666666667,
        "gin": 0.006666666666666667,
        "loss": 0.7133333333333334
      }
    },
    {
      "step": 6000000,
      "stage": 3,
      "random": {
        "win": 0.98,
        "gin": 0.006666666666666667,
        "loss": 0.02
      },
      "champion": {
        "win": 0.4666666666666667,
        "gin": 0.0,
        "loss": 0.5333333333333333
      },
      "gold": {
        "win": 0.29333333333333333,
        "gin": 0.006666666666666667,
        "loss": 0.7066666666666667
      }
    },
    {
      "step": 9000000,
      "stage": 4,
      "random": {
        "win": 0.98,
        "gin": 0.03333333333333333,
        "loss": 0.02
      },
      "champion": {
        "win": 0.4866666666666667,
        "gin": 0.006666666666666667,
        "loss": 0.5133333333333333
      },
      "gold": {
        "win": 0.29333333333333333,
        "gin": 0.006666666666666667,
        "loss": 0.7066666666666667
      }
    },
    {
      "step": 12000000,
      "stage": 4,
      "random": {
        "win": 0.9866666666666667,
        "gin": 0.006666666666666667,
        "loss": 0.013333333333333334
      },
      "champion": {
        "win": 0.47333333333333333,
        "gin": 0.0,
        "loss": 0.5266666666666666
      },
      "gold": {
        "win": 0.2866666666666667,
        "gin": 0.006666666666666667,
        "loss": 0.7133333333333334
      }
    }
  ],
  "best_vs_gold": 0.29333333333333333,
  "best_vs_champion": 0.5075,
  "vs_random": {
    "win_rate": 0.97,
    "gin_rate": 0.01125,
    "loss_rate": 0.03,
    "mean_len": 50.53625,
    "n": 800
  },
  "vs_champion": {
    "win_rate": 0.5075,
    "gin_rate": 0.00375,
    "loss_rate": 0.4925,
    "mean_len": 44.505,
    "n": 800
  },
  "vs_gold": {
    "win_rate": 0.2675,
    "gin_rate": 0.005,
    "loss_rate": 0.7325,
    "mean_len": 33.6575,
    "n": 800
  }
}