{
  "name": "08_trpo_gamma_high_s2",
  "algo": "trpo",
  "curriculum": "designed",
  "sampling": "recent",
  "reward": {
    "knock": 0.5,
    "gin": 0.5,
    "win_scale": 1.0,
    "loss_scale": 1.0,
    "step_penalty": 0.0
  },
  "hp": {
    "lr": 0.0003,
    "ent_coef": 0.01,
    "clip_range": 0.2,
    "target_kl": 0.01,
    "gamma": 0.997,
    "gae_lambda": 0.95,
    "n_steps": 256
  },
  "steps": 12000000,
  "seed": 2,
  "train_seconds": 22827.544854402542,
  "model_path": "/scratch1/kelidari/advcoev_store/sweep_curriculum/08_trpo_gamma_high_s2/final.zip",
  "pool_size": 21,
  "curve": [
    {
      "step": 3000000,
      "stage": 2,
      "random": {
        "win": 0.9933333333333333,
        "gin": 0.006666666666666667,
        "loss": 0.006666666666666667
      },
      "champion": {
        "win": 0.3933333333333333,
        "gin": 0.0,
        "loss": 0.6066666666666667
      },
      "gold": {
        "win": 0.19333333333333333,
        "gin": 0.0,
        "loss": 0.8066666666666666
      }
    },
    {
      "step": 6000000,
      "stage": 3,
      "random": {
        "win": 0.9933333333333333,
        "gin": 0.006666666666666667,
        "loss": 0.006666666666666667
      },
      "champion": {
        "win": 0.42,
        "gin": 0.006666666666666667,
        "loss": 0.58
      },
      "gold": {
        "win": 0.24,
        "gin": 0.0,
        "loss": 0.76
      }
    },
    {
      "step": 9000000,
      "stage": 4,
      "random": {
        "win": 0.9933333333333333,
        "gin": 0.013333333333333334,
        "loss": 0.006666666666666667
      },
      "champion": {
        "win": 0.4666666666666667,
        "gin": 0.013333333333333334,
        "loss": 0.5333333333333333
      },
      "gold": {
        "win": 0.29333333333333333,
        "gin": 0.0,
        "loss": 0.7066666666666667
      }
    },
    {
      "step": 12000000,
      "stage": 4,
      "random": {
        "win": 0.9733333333333334,
        "gin": 0.013333333333333334,
        "loss": 0.02666666666666667
      },
      "champion": {
        "win": 0.47333333333333333,
        "gin": 0.0,
        "loss": 0.5266666666666666
      },
      "gold": {
        "win": 0.3333333333333333,
        "gin": 0.006666666666666667,
        "loss": 0.6666666666666666
      }
    }
  ],
  "best_vs_gold": 0.3333333333333333,
  "best_vs_champion": 0.4925,
  "vs_random": {
    "win_rate": 0.97125,
    "gin_rate": 0.01,
    "loss_rate": 0.02875,
    "mean_len": 50.075,
    "n": 800
  },
  "vs_champion": {
    "win_rate": 0.4925,
    "gin_rate": 0.00375,
    "loss_rate": 0.5075,
    "mean_len": 45.39375,
    "n": 800
  },
  "vs_gold": {
    "win_rate": 0.28375,
    "gin_rate": 0.00125,
    "loss_rate": 0.71625,
    "mean_len": 33.025,
    "n": 800
  }
}