{
  "name": "08_trpo_gamma_high_s1",
  "algo": "trpo",
  "curriculum": "designed",
  "sampling": "recent",
  "reward": {
    "knock": 0.5,
    "gin": 0.5,
    "win_scale": 1.0,
    "loss_scale": 1.0,
    "step_penalty": 0.0
  },
  "hp": {
    "lr": 0.0003,
    "ent_coef": 0.01,
    "clip_range": 0.2,
    "target_kl": 0.01,
    "gamma": 0.997,
    "gae_lambda": 0.95,
    "n_steps": 256
  },
  "steps": 12000000,
  "seed": 1,
  "train_seconds": 18386.839953184128,
  "model_path": "/scratch1/kelidari/advcoev_store/sweep_curriculum/08_trpo_gamma_high_s1/final.zip",
  "pool_size": 21,
  "curve": [
    {
      "step": 3000000,
      "stage": 2,
      "random": {
        "win": 0.9933333333333333,
        "gin": 0.0,
        "loss": 0.006666666666666667
      },
      "champion": {
        "win": 0.32666666666666666,
        "gin": 0.0,
        "loss": 0.6733333333333333
      },
      "gold": {
        "win": 0.17333333333333334,
        "gin": 0.0,
        "loss": 0.8266666666666667
      }
    },
    {
      "step": 6000000,
      "stage": 3,
      "random": {
        "win": 0.98,
        "gin": 0.02,
        "loss": 0.02
      },
      "champion": {
        "win": 0.4266666666666667,
        "gin": 0.006666666666666667,
        "loss": 0.5733333333333334
      },
      "gold": {
        "win": 0.26,
        "gin": 0.0,
        "loss": 0.74
      }
    },
    {
      "step": 9000000,
      "stage": 4,
      "random": {
        "win": 0.9866666666666667,
        "gin": 0.02666666666666667,
        "loss": 0.013333333333333334
      },
      "champion": {
        "win": 0.4533333333333333,
        "gin": 0.02,
        "loss": 0.5466666666666666
      },
      "gold": {
        "win": 0.26,
        "gin": 0.02,
        "loss": 0.74
      }
    },
    {
      "step": 12000000,
      "stage": 4,
      "random": {
        "win": 0.9666666666666667,
        "gin": 0.02666666666666667,
        "loss": 0.03333333333333333
      },
      "champion": {
        "win": 0.4266666666666667,
        "gin": 0.006666666666666667,
        "loss": 0.5733333333333334
      },
      "gold": {
        "win": 0.29333333333333333,
        "gin": 0.0,
        "loss": 0.7066666666666667
      }
    }
  ],
  "best_vs_gold": 0.29333333333333333,
  "best_vs_champion": 0.4533333333333333,
  "vs_random": {
    "win_rate": 0.98125,
    "gin_rate": 0.01,
    "loss_rate": 0.01875,
    "mean_len": 49.37625,
    "n": 800
  },
  "vs_champion": {
    "win_rate": 0.4225,
    "gin_rate": 0.00375,
    "loss_rate": 0.5775,
    "mean_len": 51.36875,
    "n": 800
  },
  "vs_gold": {
    "win_rate": 0.27875,
    "gin_rate": 0.00625,
    "loss_rate": 0.72125,
    "mean_len": 33.385,
    "n": 800
  }
}