{
  "name": "09_trpo_kl_small_s1",
  "algo": "trpo",
  "curriculum": "designed",
  "sampling": "recent",
  "reward": {
    "knock": 0.5,
    "gin": 0.5,
    "win_scale": 1.0,
    "loss_scale": 1.0,
    "step_penalty": 0.0
  },
  "hp": {
    "lr": 0.0003,
    "ent_coef": 0.01,
    "clip_range": 0.2,
    "target_kl": 0.005,
    "gamma": 0.99,
    "gae_lambda": 0.95,
    "n_steps": 256
  },
  "steps": 12000000,
  "seed": 1,
  "train_seconds": 23007.12859606743,
  "model_path": "/scratch1/kelidari/advcoev_store/sweep_curriculum/09_trpo_kl_small_s1/final.zip",
  "pool_size": 21,
  "curve": [
    {
      "step": 3000000,
      "stage": 2,
      "random": {
        "win": 0.9933333333333333,
        "gin": 0.013333333333333334,
        "loss": 0.006666666666666667
      },
      "champion": {
        "win": 0.4066666666666667,
        "gin": 0.0,
        "loss": 0.5933333333333334
      },
      "gold": {
        "win": 0.2733333333333333,
        "gin": 0.0,
        "loss": 0.7266666666666667
      }
    },
    {
      "step": 6000000,
      "stage": 3,
      "random": {
        "win": 0.9866666666666667,
        "gin": 0.006666666666666667,
        "loss": 0.013333333333333334
      },
      "champion": {
        "win": 0.41333333333333333,
        "gin": 0.0,
        "loss": 0.5866666666666667
      },
      "gold": {
        "win": 0.2733333333333333,
        "gin": 0.0,
        "loss": 0.7266666666666667
      }
    },
    {
      "step": 9000000,
      "stage": 4,
      "random": {
        "win": 0.9933333333333333,
        "gin": 0.006666666666666667,
        "loss": 0.006666666666666667
      },
      "champion": {
        "win": 0.44,
        "gin": 0.0,
        "loss": 0.56
      },
      "gold": {
        "win": 0.32,
        "gin": 0.0,
        "loss": 0.68
      }
    },
    {
      "step": 12000000,
      "stage": 4,
      "random": {
        "win": 0.9733333333333334,
        "gin": 0.006666666666666667,
        "loss": 0.02666666666666667
      },
      "champion": {
        "win": 0.47333333333333333,
        "gin": 0.0,
        "loss": 0.5266666666666666
      },
      "gold": {
        "win": 0.35333333333333333,
        "gin": 0.0,
        "loss": 0.6466666666666666
      }
    }
  ],
  "best_vs_gold": 0.35333333333333333,
  "best_vs_champion": 0.47333333333333333,
  "vs_random": {
    "win_rate": 0.98375,
    "gin_rate": 0.00875,
    "loss_rate": 0.01625,
    "mean_len": 47.0,
    "n": 800
  },
  "vs_champion": {
    "win_rate": 0.46625,
    "gin_rate": 0.0025,
    "loss_rate": 0.53375,
    "mean_len": 50.97375,
    "n": 800
  },
  "vs_gold": {
    "win_rate": 0.32625,
    "gin_rate": 0.0025,
    "loss_rate": 0.67375,
    "mean_len": 33.16,
    "n": 800
  }
}