{
  "name": "09_trpo_kl_small_s2",
  "algo": "trpo",
  "curriculum": "designed",
  "sampling": "recent",
  "reward": {
    "knock": 0.5,
    "gin": 0.5,
    "win_scale": 1.0,
    "loss_scale": 1.0,
    "step_penalty": 0.0
  },
  "hp": {
    "lr": 0.0003,
    "ent_coef": 0.01,
    "clip_range": 0.2,
    "target_kl": 0.005,
    "gamma": 0.99,
    "gae_lambda": 0.95,
    "n_steps": 256
  },
  "steps": 12000000,
  "seed": 2,
  "train_seconds": 22966.59405708313,
  "model_path": "/scratch1/kelidari/advcoev_store/sweep_curriculum/09_trpo_kl_small_s2/final.zip",
  "pool_size": 21,
  "curve": [
    {
      "step": 3000000,
      "stage": 2,
      "random": {
        "win": 1.0,
        "gin": 0.02666666666666667,
        "loss": 0.0
      },
      "champion": {
        "win": 0.38,
        "gin": 0.006666666666666667,
        "loss": 0.62
      },
      "gold": {
        "win": 0.2733333333333333,
        "gin": 0.0,
        "loss": 0.7266666666666667
      }
    },
    {
      "step": 6000000,
      "stage": 3,
      "random": {
        "win": 0.9933333333333333,
        "gin": 0.02,
        "loss": 0.006666666666666667
      },
      "champion": {
        "win": 0.4266666666666667,
        "gin": 0.0,
        "loss": 0.5733333333333334
      },
      "gold": {
        "win": 0.26,
        "gin": 0.0,
        "loss": 0.74
      }
    },
    {
      "step": 9000000,
      "stage": 4,
      "random": {
        "win": 1.0,
        "gin": 0.02,
        "loss": 0.0
      },
      "champion": {
        "win": 0.44666666666666666,
        "gin": 0.0,
        "loss": 0.5533333333333333
      },
      "gold": {
        "win": 0.2866666666666667,
        "gin": 0.013333333333333334,
        "loss": 0.7133333333333334
      }
    },
    {
      "step": 12000000,
      "stage": 4,
      "random": {
        "win": 0.9866666666666667,
        "gin": 0.02,
        "loss": 0.013333333333333334
      },
      "champion": {
        "win": 0.44666666666666666,
        "gin": 0.0,
        "loss": 0.5533333333333333
      },
      "gold": {
        "win": 0.32666666666666666,
        "gin": 0.006666666666666667,
        "loss": 0.6733333333333333
      }
    }
  ],
  "best_vs_gold": 0.32666666666666666,
  "best_vs_champion": 0.4775,
  "vs_random": {
    "win_rate": 0.9925,
    "gin_rate": 0.0125,
    "loss_rate": 0.0075,
    "mean_len": 46.2075,
    "n": 800
  },
  "vs_champion": {
    "win_rate": 0.4775,
    "gin_rate": 0.00125,
    "loss_rate": 0.5225,
    "mean_len": 49.74625,
    "n": 800
  },
  "vs_gold": {
    "win_rate": 0.305,
    "gin_rate": 0.00625,
    "loss_rate": 0.695,
    "mean_len": 33.1475,
    "n": 800
  }
}