{
  "name": "10_trpo_kl_large_s1",
  "algo": "trpo",
  "curriculum": "designed",
  "sampling": "recent",
  "reward": {
    "knock": 0.5,
    "gin": 0.5,
    "win_scale": 1.0,
    "loss_scale": 1.0,
    "step_penalty": 0.0
  },
  "hp": {
    "lr": 0.0003,
    "ent_coef": 0.01,
    "clip_range": 0.2,
    "target_kl": 0.02,
    "gamma": 0.99,
    "gae_lambda": 0.95,
    "n_steps": 256
  },
  "steps": 12000000,
  "seed": 1,
  "train_seconds": 12950.615643262863,
  "model_path": "/scratch1/kelidari/advcoev_store/sweep_curriculum/10_trpo_kl_large_s1/final.zip",
  "pool_size": 21,
  "curve": [
    {
      "step": 3000000,
      "stage": 2,
      "random": {
        "win": 0.9933333333333333,
        "gin": 0.0,
        "loss": 0.006666666666666667
      },
      "champion": {
        "win": 0.36666666666666664,
        "gin": 0.006666666666666667,
        "loss": 0.6333333333333333
      },
      "gold": {
        "win": 0.26666666666666666,
        "gin": 0.013333333333333334,
        "loss": 0.7333333333333333
      }
    },
    {
      "step": 6000000,
      "stage": 3,
      "random": {
        "win": 0.98,
        "gin": 0.02,
        "loss": 0.02
      },
      "champion": {
        "win": 0.41333333333333333,
        "gin": 0.0,
        "loss": 0.5866666666666667
      },
      "gold": {
        "win": 0.28,
        "gin": 0.0,
        "loss": 0.72
      }
    },
    {
      "step": 9000000,
      "stage": 4,
      "random": {
        "win": 0.9933333333333333,
        "gin": 0.0,
        "loss": 0.006666666666666667
      },
      "champion": {
        "win": 0.44,
        "gin": 0.0,
        "loss": 0.56
      },
      "gold": {
        "win": 0.38,
        "gin": 0.006666666666666667,
        "loss": 0.62
      }
    },
    {
      "step": 12000000,
      "stage": 4,
      "random": {
        "win": 0.98,
        "gin": 0.02666666666666667,
        "loss": 0.02
      },
      "champion": {
        "win": 0.48,
        "gin": 0.006666666666666667,
        "loss": 0.52
      },
      "gold": {
        "win": 0.3333333333333333,
        "gin": 0.0,
        "loss": 0.6666666666666666
      }
    }
  ],
  "best_vs_gold": 0.38,
  "best_vs_champion": 0.4825,
  "vs_random": {
    "win_rate": 0.98,
    "gin_rate": 0.0175,
    "loss_rate": 0.02,
    "mean_len": 48.40125,
    "n": 800
  },
  "vs_champion": {
    "win_rate": 0.4825,
    "gin_rate": 0.0025,
    "loss_rate": 0.5175,
    "mean_len": 45.4125,
    "n": 800
  },
  "vs_gold": {
    "win_rate": 0.30875,
    "gin_rate": 0.00375,
    "loss_rate": 0.69125,
    "mean_len": 32.82,
    "n": 800
  }
}