{
  "name": "10_trpo_kl_large_s2",
  "algo": "trpo",
  "curriculum": "designed",
  "sampling": "recent",
  "reward": {
    "knock": 0.5,
    "gin": 0.5,
    "win_scale": 1.0,
    "loss_scale": 1.0,
    "step_penalty": 0.0
  },
  "hp": {
    "lr": 0.0003,
    "ent_coef": 0.01,
    "clip_range": 0.2,
    "target_kl": 0.02,
    "gamma": 0.99,
    "gae_lambda": 0.95,
    "n_steps": 256
  },
  "steps": 12000000,
  "seed": 2,
  "train_seconds": 13112.775395870209,
  "model_path": "/scratch1/kelidari/advcoev_store/sweep_curriculum/10_trpo_kl_large_s2/final.zip",
  "pool_size": 21,
  "curve": [
    {
      "step": 3000000,
      "stage": 2,
      "random": {
        "win": 0.9933333333333333,
        "gin": 0.0,
        "loss": 0.006666666666666667
      },
      "champion": {
        "win": 0.47333333333333333,
        "gin": 0.0,
        "loss": 0.5266666666666666
      },
      "gold": {
        "win": 0.25333333333333335,
        "gin": 0.0,
        "loss": 0.7466666666666667
      }
    },
    {
      "step": 6000000,
      "stage": 3,
      "random": {
        "win": 1.0,
        "gin": 0.02,
        "loss": 0.0
      },
      "champion": {
        "win": 0.44666666666666666,
        "gin": 0.006666666666666667,
        "loss": 0.5533333333333333
      },
      "gold": {
        "win": 0.22,
        "gin": 0.006666666666666667,
        "loss": 0.78
      }
    },
    {
      "step": 9000000,
      "stage": 4,
      "random": {
        "win": 1.0,
        "gin": 0.006666666666666667,
        "loss": 0.0
      },
      "champion": {
        "win": 0.4666666666666667,
        "gin": 0.006666666666666667,
        "loss": 0.5333333333333333
      },
      "gold": {
        "win": 0.2733333333333333,
        "gin": 0.0,
        "loss": 0.7266666666666667
      }
    },
    {
      "step": 12000000,
      "stage": 4,
      "random": {
        "win": 0.9933333333333333,
        "gin": 0.02,
        "loss": 0.006666666666666667
      },
      "champion": {
        "win": 0.4666666666666667,
        "gin": 0.0,
        "loss": 0.5333333333333333
      },
      "gold": {
        "win": 0.36666666666666664,
        "gin": 0.006666666666666667,
        "loss": 0.6333333333333333
      }
    }
  ],
  "best_vs_gold": 0.36666666666666664,
  "best_vs_champion": 0.47333333333333333,
  "vs_random": {
    "win_rate": 0.98125,
    "gin_rate": 0.01125,
    "loss_rate": 0.01875,
    "mean_len": 48.165,
    "n": 800
  },
  "vs_champion": {
    "win_rate": 0.45375,
    "gin_rate": 0.0025,
    "loss_rate": 0.54625,
    "mean_len": 51.31375,
    "n": 800
  },
  "vs_gold": {
    "win_rate": 0.30375,
    "gin_rate": 0.00375,
    "loss_rate": 0.69625,
    "mean_len": 33.75875,
    "n": 800
  }
}