{
  "name": "11_trpo_gae_batch_s0",
  "algo": "trpo",
  "curriculum": "designed",
  "sampling": "recent",
  "reward": {
    "knock": 0.5,
    "gin": 0.5,
    "win_scale": 1.0,
    "loss_scale": 1.0,
    "step_penalty": 0.0
  },
  "hp": {
    "lr": 0.0003,
    "ent_coef": 0.01,
    "clip_range": 0.2,
    "target_kl": 0.01,
    "gamma": 0.99,
    "gae_lambda": 0.98,
    "n_steps": 512
  },
  "steps": 12000000,
  "seed": 0,
  "train_seconds": 13148.388185977936,
  "model_path": "/scratch1/kelidari/advcoev_store/sweep_curriculum/11_trpo_gae_batch_s0/final.zip",
  "pool_size": 21,
  "curve": [
    {
      "step": 3000000,
      "stage": 2,
      "random": {
        "win": 0.9933333333333333,
        "gin": 0.02666666666666667,
        "loss": 0.006666666666666667
      },
      "champion": {
        "win": 0.38666666666666666,
        "gin": 0.0,
        "loss": 0.6133333333333333
      },
      "gold": {
        "win": 0.3333333333333333,
        "gin": 0.006666666666666667,
        "loss": 0.6666666666666666
      }
    },
    {
      "step": 6000000,
      "stage": 3,
      "random": {
        "win": 0.9933333333333333,
        "gin": 0.0,
        "loss": 0.006666666666666667
      },
      "champion": {
        "win": 0.4,
        "gin": 0.006666666666666667,
        "loss": 0.6
      },
      "gold": {
        "win": 0.26,
        "gin": 0.0,
        "loss": 0.74
      }
    },
    {
      "step": 9000000,
      "stage": 4,
      "random": {
        "win": 0.9933333333333333,
        "gin": 0.02666666666666667,
        "loss": 0.006666666666666667
      },
      "champion": {
        "win": 0.5133333333333333,
        "gin": 0.0,
        "loss": 0.4866666666666667
      },
      "gold": {
        "win": 0.32,
        "gin": 0.0,
        "loss": 0.68
      }
    },
    {
      "step": 12000000,
      "stage": 4,
      "random": {
        "win": 0.98,
        "gin": 0.013333333333333334,
        "loss": 0.02
      },
      "champion": {
        "win": 0.46,
        "gin": 0.006666666666666667,
        "loss": 0.54
      },
      "gold": {
        "win": 0.32,
        "gin": 0.02,
        "loss": 0.68
      }
    }
  ],
  "best_vs_gold": 0.3333333333333333,
  "best_vs_champion": 0.5133333333333333,
  "vs_random": {
    "win_rate": 0.98,
    "gin_rate": 0.01375,
    "loss_rate": 0.02,
    "mean_len": 46.15875,
    "n": 800
  },
  "vs_champion": {
    "win_rate": 0.4975,
    "gin_rate": 0.0,
    "loss_rate": 0.5025,
    "mean_len": 46.46625,
    "n": 800
  },
  "vs_gold": {
    "win_rate": 0.3075,
    "gin_rate": 0.0075,
    "loss_rate": 0.6925,
    "mean_len": 33.0175,
    "n": 800
  }
}