{
  "name": "11_trpo_gae_batch_s1",
  "algo": "trpo",
  "curriculum": "designed",
  "sampling": "recent",
  "reward": {
    "knock": 0.5,
    "gin": 0.5,
    "win_scale": 1.0,
    "loss_scale": 1.0,
    "step_penalty": 0.0
  },
  "hp": {
    "lr": 0.0003,
    "ent_coef": 0.01,
    "clip_range": 0.2,
    "target_kl": 0.01,
    "gamma": 0.99,
    "gae_lambda": 0.98,
    "n_steps": 512
  },
  "steps": 12000000,
  "seed": 1,
  "train_seconds": 18044.80838060379,
  "model_path": "/scratch1/kelidari/advcoev_store/sweep_curriculum/11_trpo_gae_batch_s1/final.zip",
  "pool_size": 21,
  "curve": [
    {
      "step": 3000000,
      "stage": 2,
      "random": {
        "win": 0.9866666666666667,
        "gin": 0.02666666666666667,
        "loss": 0.013333333333333334
      },
      "champion": {
        "win": 0.41333333333333333,
        "gin": 0.006666666666666667,
        "loss": 0.5866666666666667
      },
      "gold": {
        "win": 0.26,
        "gin": 0.006666666666666667,
        "loss": 0.74
      }
    },
    {
      "step": 6000000,
      "stage": 3,
      "random": {
        "win": 0.9933333333333333,
        "gin": 0.013333333333333334,
        "loss": 0.006666666666666667
      },
      "champion": {
        "win": 0.4266666666666667,
        "gin": 0.006666666666666667,
        "loss": 0.5733333333333334
      },
      "gold": {
        "win": 0.30666666666666664,
        "gin": 0.0,
        "loss": 0.6933333333333334
      }
    },
    {
      "step": 9000000,
      "stage": 4,
      "random": {
        "win": 0.98,
        "gin": 0.02666666666666667,
        "loss": 0.02
      },
      "champion": {
        "win": 0.4,
        "gin": 0.013333333333333334,
        "loss": 0.6
      },
      "gold": {
        "win": 0.29333333333333333,
        "gin": 0.013333333333333334,
        "loss": 0.7066666666666667
      }
    },
    {
      "step": 12000000,
      "stage": 4,
      "random": {
        "win": 0.9933333333333333,
        "gin": 0.006666666666666667,
        "loss": 0.006666666666666667
      },
      "champion": {
        "win": 0.46,
        "gin": 0.0,
        "loss": 0.54
      },
      "gold": {
        "win": 0.32,
        "gin": 0.013333333333333334,
        "loss": 0.68
      }
    }
  ],
  "best_vs_gold": 0.32,
  "best_vs_champion": 0.46,
  "vs_random": {
    "win_rate": 0.9875,
    "gin_rate": 0.00875,
    "loss_rate": 0.0125,
    "mean_len": 45.29875,
    "n": 800
  },
  "vs_champion": {
    "win_rate": 0.44375,
    "gin_rate": 0.005,
    "loss_rate": 0.55625,
    "mean_len": 51.9675,
    "n": 800
  },
  "vs_gold": {
    "win_rate": 0.31875,
    "gin_rate": 0.0075,
    "loss_rate": 0.68125,
    "mean_len": 33.78,
    "n": 800
  }
}