{
  "name": "12_ppo_ent_hi_s0",
  "algo": "ppo",
  "curriculum": "designed",
  "sampling": "recent",
  "reward": {
    "knock": 0.5,
    "gin": 0.5,
    "win_scale": 1.0,
    "loss_scale": 1.0,
    "step_penalty": 0.0
  },
  "hp": {
    "lr": 0.0003,
    "ent_coef": 0.03,
    "clip_range": 0.2,
    "target_kl": 0.01,
    "gamma": 0.99,
    "gae_lambda": 0.95,
    "n_steps": 256
  },
  "steps": 12000000,
  "seed": 0,
  "train_seconds": 7929.5492906570435,
  "model_path": "/scratch1/kelidari/advcoev_store/sweep_curriculum/12_ppo_ent_hi_s0/final.zip",
  "pool_size": 21,
  "curve": [
    {
      "step": 3000000,
      "stage": 2,
      "random": {
        "win": 0.9866666666666667,
        "gin": 0.013333333333333334,
        "loss": 0.013333333333333334
      },
      "champion": {
        "win": 0.42,
        "gin": 0.006666666666666667,
        "loss": 0.58
      },
      "gold": {
        "win": 0.31333333333333335,
        "gin": 0.006666666666666667,
        "loss": 0.6866666666666666
      }
    },
    {
      "step": 6000000,
      "stage": 3,
      "random": {
        "win": 1.0,
        "gin": 0.006666666666666667,
        "loss": 0.0
      },
      "champion": {
        "win": 0.4866666666666667,
        "gin": 0.006666666666666667,
        "loss": 0.5133333333333333
      },
      "gold": {
        "win": 0.29333333333333333,
        "gin": 0.006666666666666667,
        "loss": 0.7066666666666667
      }
    },
    {
      "step": 9000000,
      "stage": 4,
      "random": {
        "win": 0.9866666666666667,
        "gin": 0.006666666666666667,
        "loss": 0.013333333333333334
      },
      "champion": {
        "win": 0.5466666666666666,
        "gin": 0.006666666666666667,
        "loss": 0.4533333333333333
      },
      "gold": {
        "win": 0.34,
        "gin": 0.02,
        "loss": 0.66
      }
    },
    {
      "step": 12000000,
      "stage": 4,
      "random": {
        "win": 1.0,
        "gin": 0.02,
        "loss": 0.0
      },
      "champion": {
        "win": 0.49333333333333335,
        "gin": 0.0,
        "loss": 0.5066666666666667
      },
      "gold": {
        "win": 0.30666666666666664,
        "gin": 0.006666666666666667,
        "loss": 0.6933333333333334
      }
    }
  ],
  "best_vs_gold": 0.34,
  "best_vs_champion": 0.5466666666666666,
  "vs_random": {
    "win_rate": 0.99125,
    "gin_rate": 0.0125,
    "loss_rate": 0.00875,
    "mean_len": 47.33875,
    "n": 800
  },
  "vs_champion": {
    "win_rate": 0.505,
    "gin_rate": 0.00125,
    "loss_rate": 0.495,
    "mean_len": 45.0275,
    "n": 800
  },
  "vs_gold": {
    "win_rate": 0.315,
    "gin_rate": 0.00625,
    "loss_rate": 0.685,
    "mean_len": 32.6325,
    "n": 800
  }
}