{
  "name": "12_ppo_ent_hi_s1",
  "algo": "ppo",
  "curriculum": "designed",
  "sampling": "recent",
  "reward": {
    "knock": 0.5,
    "gin": 0.5,
    "win_scale": 1.0,
    "loss_scale": 1.0,
    "step_penalty": 0.0
  },
  "hp": {
    "lr": 0.0003,
    "ent_coef": 0.03,
    "clip_range": 0.2,
    "target_kl": 0.01,
    "gamma": 0.99,
    "gae_lambda": 0.95,
    "n_steps": 256
  },
  "steps": 12000000,
  "seed": 1,
  "train_seconds": 11998.376113653183,
  "model_path": "/scratch1/kelidari/advcoev_store/sweep_curriculum/12_ppo_ent_hi_s1/final.zip",
  "pool_size": 21,
  "curve": [
    {
      "step": 3000000,
      "stage": 2,
      "random": {
        "win": 1.0,
        "gin": 0.006666666666666667,
        "loss": 0.0
      },
      "champion": {
        "win": 0.38666666666666666,
        "gin": 0.0,
        "loss": 0.6133333333333333
      },
      "gold": {
        "win": 0.20666666666666667,
        "gin": 0.0,
        "loss": 0.7933333333333333
      }
    },
    {
      "step": 6000000,
      "stage": 3,
      "random": {
        "win": 0.9866666666666667,
        "gin": 0.013333333333333334,
        "loss": 0.013333333333333334
      },
      "champion": {
        "win": 0.43333333333333335,
        "gin": 0.0,
        "loss": 0.5666666666666667
      },
      "gold": {
        "win": 0.24,
        "gin": 0.0,
        "loss": 0.76
      }
    },
    {
      "step": 9000000,
      "stage": 4,
      "random": {
        "win": 1.0,
        "gin": 0.006666666666666667,
        "loss": 0.0
      },
      "champion": {
        "win": 0.47333333333333333,
        "gin": 0.006666666666666667,
        "loss": 0.5266666666666666
      },
      "gold": {
        "win": 0.3,
        "gin": 0.0,
        "loss": 0.7
      }
    },
    {
      "step": 12000000,
      "stage": 4,
      "random": {
        "win": 0.9933333333333333,
        "gin": 0.02666666666666667,
        "loss": 0.006666666666666667
      },
      "champion": {
        "win": 0.5,
        "gin": 0.006666666666666667,
        "loss": 0.5
      },
      "gold": {
        "win": 0.35333333333333333,
        "gin": 0.013333333333333334,
        "loss": 0.6466666666666666
      }
    }
  ],
  "best_vs_gold": 0.35333333333333333,
  "best_vs_champion": 0.53125,
  "vs_random": {
    "win_rate": 0.9875,
    "gin_rate": 0.0125,
    "loss_rate": 0.0125,
    "mean_len": 45.19375,
    "n": 800
  },
  "vs_champion": {
    "win_rate": 0.53125,
    "gin_rate": 0.00875,
    "loss_rate": 0.46875,
    "mean_len": 43.48375,
    "n": 800
  },
  "vs_gold": {
    "win_rate": 0.3075,
    "gin_rate": 0.005,
    "loss_rate": 0.6925,
    "mean_len": 31.9175,
    "n": 800
  }
}