{
  "name": "ismcts_vs_champion",
  "agent": "ismcts_pimc",
  "opponent": "champion",
  "rollouts": 20,
  "eval_seconds": 1597.8909838199615,
  "vs_champion": {
    "win_rate": 0.7,
    "gin_rate": 0.15833333333333333,
    "loss_rate": 0.3,
    "mean_len": 57.74166666666667,
    "n": 120
  }
}