{
  "name": "ismcts_vs_random",
  "agent": "ismcts_pimc",
  "opponent": "random",
  "rollouts": 20,
  "eval_seconds": 2222.758759498596,
  "vs_random": {
    "win_rate": 0.9166666666666666,
    "gin_rate": 0.30833333333333335,
    "loss_rate": 0.08333333333333333,
    "mean_len": 65.98333333333333,
    "n": 120
  }
}